{"cameraMode":{"drawMode":0,"name":"Shaded","section":"Shading Mode"},"sceneLighting":false,"audioPlay":false,"sceneViewState":{"m_AlwaysRefresh":false,"showFog":true,"showSkybox":false,"showFlares":true,"showImageEffects":true,"showParticleSystems":true,"showVisualEffectGraphs":true,"m_FxEnabled":true},"in2DMode":false,"pivot":{"x":-1.5260274410247803,"y":0.18254780769348145,"z":-4.905473709106445},"rotation":{"x":-0.0074081383645534519,"y":0.9869930744171143,"z":-0.04771988093852997,"w":-0.15341196954250337},"size":3.8761723041534426,"orthographic":false}