{"cameraMode":{"drawMode":0,"name":"Shaded","section":"Shading Mode"},"sceneLighting":false,"audioPlay":false,"sceneViewState":{"m_AlwaysRefresh":false,"showFog":true,"showSkybox":false,"showFlares":true,"showImageEffects":true,"showParticleSystems":true,"showVisualEffectGraphs":true,"m_FxEnabled":true},"in2DMode":false,"pivot":{"x":0.28710833191871645,"y":-4.607308864593506,"z":3.6002120971679689},"rotation":{"x":0.45793193578720095,"y":-0.02133740670979023,"z":0.010991419665515423,"w":0.8886764645576477},"size":7.497381210327148,"orthographic":false}