{"cameraMode":{"drawMode":0,"name":"Shaded","section":"Shading Mode"},"sceneLighting":false,"audioPlay":false,"sceneViewState":{"m_AlwaysRefresh":false,"showFog":true,"showSkybox":false,"showFlares":true,"showImageEffects":true,"showParticleSystems":true,"showVisualEffectGraphs":true,"m_FxEnabled":true},"in2DMode":false,"pivot":{"x":-38.127506256103519,"y":47.627655029296878,"z":-69.73558807373047},"rotation":{"x":-0.011465954594314099,"y":-0.9884772300720215,"z":0.09998725354671478,"w":-0.11338551342487335},"size":76.94921112060547,"orthographic":false}